week ind,dry-water,dry-cost,normal-water,normal-cost,wet-water,wet-cost,,,,,
Week 1: ,394716,"$171,054.00 ",394716,"$171,054.00 ",394716,"$171,054.00 ",,,,,
Week 2: ,394716,"$171,054.00 ",394716,"$171,054.00 ",394716,"$171,054.00 ",,,,,
Week 3: ,394716,"$171,054.00 ",394716,"$171,054.00 ",394716,"$171,054.00 ",,,,,
Week 4: ,394716,"$171,054.00 ",394716,"$171,054.00 ",394716,"$171,054.00 ",,,,,
Week 5: ,394716,"$171,054.00 ",394716,"$171,054.00 ",394716,"$171,054.00 ",,,,,
Week 6: ,394716,"$171,054.00 ",394716,"$171,054.00 ",394716,"$171,054.00 ",,,,,
Week 7: ,394716,"$171,054.00 ",394716,"$171,054.00 ",394716,"$171,054.00 ",,,,,
Week 8: ,394716,"$171,054.00 ",394716,"$171,054.00 ",394716,"$171,054.00 ",,,,,
Week 9: ,394480,"$170,905.12 ",394479.7,"$170,905.12 ",394479.7,"$170,905.12 ",,,,,
Week 10: ,394480,"$170,905.12 ",394479.7,"$170,905.12 ",394479.7,"$170,905.12 ",,,,,
Week 11: ,394480,"$170,905.12 ",394479.7,"$170,905.12 ",394479.7,"$170,905.12 ",,,,,
Week 12: ,394480,"$170,905.12 ",394479.7,"$170,905.12 ",394479.7,"$170,905.12 ",,,,,
Week 13: ,394480,"$160,183.37 ",394479.7,"$160,183.37 ",394479.7,"$160,183.37 ",,,,,
Week 14: ,394716,"$160,280.33 ",394716,"$160,280.33 ",394716,"$160,280.33 ",,,,,
Week 15: ,394716,"$160,280.33 ",394716,"$160,280.33 ",394716,"$160,280.33 ",,,,,
Week 16: ,394716,"$160,280.33 ",394716,"$160,280.33 ",394716,"$160,280.33 ",,,,,
Week 17: ,394716,"$160,280.33 ",394716,"$160,280.33 ",394716,"$160,280.33 ",,,,,
Week 18: ,394716,"$160,280.33 ",0,"$7,074.98 ",0,"$7,074.98 ",,,,,
Week 19: ,394716,"$160,280.33 ",0,"$7,074.98 ",0,"$7,074.98 ",,,,,
Week 20: ,394716,"$160,280.33 ",0,"$7,074.98 ",0,"$7,074.98 ",,,,,
Week 21: ,394716,"$160,280.33 ",0,"$7,074.98 ",0,"$7,074.98 ",,,,,
Week 22: ,394716,"$160,280.33 ",394716,"$160,280.33 ",0,"$7,074.98 ",,,,,
Week 23: ,394716,"$160,280.33 ",394716,"$160,280.33 ",0,"$7,074.98 ",,,,,
Week 24: ,394716,"$160,280.33 ",394716,"$160,280.33 ",0,"$7,074.98 ",,,,,
Week 25: ,394716,"$160,280.33 ",394716,"$160,280.33 ",0,"$7,074.98 ",,,,,
Week 26: ,394716,"$160,280.33 ",394716,"$160,280.33 ",0,"$7,074.98 ",,,,,
Week 27: ,394716,"$160,280.33 ",394716,"$160,280.33 ",0,"$7,074.98 ",,,,,
Week 28: ,394716,"$160,280.33 ",394716,"$160,280.33 ",0,"$7,074.98 ",,,,,
Week 29: ,394716,"$160,280.33 ",394716,"$160,280.33 ",0,"$7,074.98 ",,,,,
Week 30: ,394716,"$160,280.33 ",394716,"$160,280.33 ",0,"$7,074.98 ",,,,,
Week 31: ,123675.37,"$53,305.33 ",0,"$7,074.98 ",0,"$7,074.98 ",,,,,
Week 32: ,123675.37,"$53,305.33 ",0,"$7,074.98 ",0,"$7,074.98 ",,,,,
Week 33: ,123675.37,"$53,305.33 ",0,"$7,074.98 ",0,"$7,074.98 ",,,,,
Week 34: ,123675.37,"$53,305.33 ",0,"$7,074.98 ",0,"$7,074.98 ",,,,,
Week 35: ,0,"$7,074.98 ",394716,"$160,280.33 ",394716,"$160,280.33 ",,,,,
Week 36: ,0,"$7,074.98 ",394716,"$160,280.33 ",394716,"$160,280.33 ",,,,,
Week 37: ,0,"$7,074.98 ",394716,"$160,280.33 ",394716,"$160,280.33 ",,,,,
Week 38: ,0,"$7,074.98 ",394716,"$160,280.33 ",394716,"$160,280.33 ",,,,,
Week 39: ,0,"$7,074.98 ",394716,"$160,280.33 ",394716,"$160,280.33 ",,,,,
Week 40: ,0,"$7,074.98 ",24996.37,"$16,418.73 ",394716,"$160,280.33 ",,,,,
Week 41: ,0,"$7,074.98 ",24996.37,"$16,418.73 ",394716,"$160,280.33 ",,,,,
Week 42: ,0,"$7,074.98 ",24996.37,"$16,418.73 ",394716,"$160,280.33 ",,,,,
Week 43: ,0,"$7,074.98 ",24996.37,"$16,418.73 ",394716,"$160,280.33 ",,,,,
Week 44: ,0,"$7,074.98 ",0,"$7,074.98 ",394716,"$160,280.33 ",,,,,
Week 45: ,0,"$7,074.98 ",0,"$7,074.98 ",394716,"$160,280.33 ",,,,,
Week 46: ,0,"$7,074.98 ",0,"$7,074.98 ",394716,"$160,280.33 ",,,,,
Week 47: ,0,"$7,074.98 ",0,"$7,074.98 ",394716,"$160,280.33 ",,,,,
Week 48: ,0,"$7,074.98 ",0,"$7,074.98 ",394716,"$160,280.33 ",,,,,
Week 49: ,0,"$10,586.00 ",0,"$10,586.00 ",24996.37,"$19,998.84 ",,,,,
Week 50: ,0,"$10,586.00 ",0,"$10,586.00 ",24996.37,"$19,998.84 ",,,,,
Week 51: ,0,"$10,586.00 ",0,"$10,586.00 ",24996.37,"$19,998.84 ",,,,,
Week 52: ,0,"$10,586.00 ",0,"$10,586.00 ",24996.37,"$19,998.84 ",,,,,
