,Day,Time,LMP,bypass_pretreatment_flow,excess_solar_power,power_from_grid,intake.op_mode,intake.startup,intake.shutdown,intake.energy_intensity,intake.power_consumption,intake.recovery,intake.feed_flowrate,intake.product_flowrate,intake.reject_flowrate,intake.feed_cost,intake.chemical_cost,pretreatment.op_mode,pretreatment.startup,pretreatment.shutdown,pretreatment.power_consumption,pretreatment.feed_flowrate,pretreatment.product_flowrate,pretreatment.reject_flowrate,pretreatment.inlet_flowrate,pretreatment.leftover_flow,pretreatment.uf_pumps[1].op_mode,pretreatment.uf_pumps[1].startup,pretreatment.uf_pumps[1].shutdown,pretreatment.uf_pumps[1].energy_intensity,pretreatment.uf_pumps[1].power_consumption,pretreatment.uf_pumps[1].recovery,pretreatment.uf_pumps[1].feed_flowrate,pretreatment.uf_pumps[1].product_flowrate,pretreatment.uf_pumps[1].reject_flowrate,pretreatment.uf_pumps[2].op_mode,pretreatment.uf_pumps[2].startup,pretreatment.uf_pumps[2].shutdown,pretreatment.uf_pumps[2].energy_intensity,pretreatment.uf_pumps[2].power_consumption,pretreatment.uf_pumps[2].recovery,pretreatment.uf_pumps[2].feed_flowrate,pretreatment.uf_pumps[2].product_flowrate,pretreatment.uf_pumps[2].reject_flowrate,pretreatment.uf_pumps[3].op_mode,pretreatment.uf_pumps[3].startup,pretreatment.uf_pumps[3].shutdown,pretreatment.uf_pumps[3].energy_intensity,pretreatment.uf_pumps[3].power_consumption,pretreatment.uf_pumps[3].recovery,pretreatment.uf_pumps[3].feed_flowrate,pretreatment.uf_pumps[3].product_flowrate,pretreatment.uf_pumps[3].reject_flowrate,reverse_osmosis.op_mode,reverse_osmosis.startup,reverse_osmosis.shutdown,reverse_osmosis.power_consumption,reverse_osmosis.feed_flowrate,reverse_osmosis.product_flowrate,reverse_osmosis.reject_flowrate,reverse_osmosis.inlet_flowrate,reverse_osmosis.leftover_flow,reverse_osmosis.ro_skid[1].op_mode,reverse_osmosis.ro_skid[1].startup,reverse_osmosis.ro_skid[1].shutdown,reverse_osmosis.ro_skid[1].energy_intensity,reverse_osmosis.ro_skid[1].power_consumption,reverse_osmosis.ro_skid[1].recovery,reverse_osmosis.ro_skid[1].feed_flowrate,reverse_osmosis.ro_skid[1].product_flowrate,reverse_osmosis.ro_skid[1].reject_flowrate,reverse_osmosis.ro_skid[2].op_mode,reverse_osmosis.ro_skid[2].startup,reverse_osmosis.ro_skid[2].shutdown,reverse_osmosis.ro_skid[2].energy_intensity,reverse_osmosis.ro_skid[2].power_consumption,reverse_osmosis.ro_skid[2].recovery,reverse_osmosis.ro_skid[2].feed_flowrate,reverse_osmosis.ro_skid[2].product_flowrate,reverse_osmosis.ro_skid[2].reject_flowrate,reverse_osmosis.ro_skid[3].op_mode,reverse_osmosis.ro_skid[3].startup,reverse_osmosis.ro_skid[3].shutdown,reverse_osmosis.ro_skid[3].energy_intensity,reverse_osmosis.ro_skid[3].power_consumption,reverse_osmosis.ro_skid[3].recovery,reverse_osmosis.ro_skid[3].feed_flowrate,reverse_osmosis.ro_skid[3].product_flowrate,reverse_osmosis.ro_skid[3].reject_flowrate,reverse_osmosis.ro_skid[4].op_mode,reverse_osmosis.ro_skid[4].startup,reverse_osmosis.ro_skid[4].shutdown,reverse_osmosis.ro_skid[4].energy_intensity,reverse_osmosis.ro_skid[4].power_consumption,reverse_osmosis.ro_skid[4].recovery,reverse_osmosis.ro_skid[4].feed_flowrate,reverse_osmosis.ro_skid[4].product_flowrate,reverse_osmosis.ro_skid[4].reject_flowrate,posttreatment.op_mode,posttreatment.startup,posttreatment.shutdown,posttreatment.energy_intensity,posttreatment.power_consumption,posttreatment.feed_flowrate,posttreatment.product_flowrate,posttreatment.reject_flowrate,posttreatment.chemical_cost,brine_discharge.op_mode,brine_discharge.startup,brine_discharge.shutdown,brine_discharge.feed_flowrate,brine_discharge.power_consumption,brine_discharge.brine_cost,power_generation.op_mode,power_generation.startup,power_generation.shutdown,power_generation.power_utilized,power_generation.power_curtailed,num_skids_online,net_power_consumption,water_revenue,demand_response_revenue,emissions_cost,energy_cost
0,1,1,0.1016,0.0,0.0,1026.220539395979,,,,0,0.0,1,1760.0,1760.0,0.0,281.6,58.43200000000001,0.0,,,278.933873777775,1760.0,1760.0,0.0,1760.0,0.0,1.0,0.0,0.0,0.158485155555556,92.97795792592491,1.0,586.6666666666666,586.6666666666666,0.0,1.0,0.0,0.0,0.158485155555556,92.977957925925,1.0,586.6666666666666,586.6666666666666,0.0,1.0,0.0,0.0,0.15848515555555598,92.97795792592508,1.0,586.6666666666666,586.6666666666666,0.0,,,,611.490420998203,1760.0,1625.0,135.0,1760.0,0.0,1.0,-0.0,0.0,0.3827596569241092,212.4316095928806,0.925,600.0,555.0,45.0,1.0,0.0,0.0,0.3827595198575254,212.4315335209266,0.925,600.0,555.0,45.0,1.0,0.0,0.0,0.36238306385319563,186.62727788439588,0.9196428571428578,560.0,515.0,45.0,-0.0,0.0,0.0,0.19716472159924725,0.0,0.88,0.0,0.0,0.0,1.0,,,0.101,164.12500000000068,1625.0,1625.0,0.0,50.375000000000206,-0.0,,,135.0,0.0,58.05,,,,28.32875538,0.0,3.0,1026.2205393959787,0.0,0.0,0.0,104.26400680263146
1,1,2,0.1016,0.0,0.0,1027.113547267883,,,,0,0.0,1,1760.0,1760.0,0.0,281.6,58.43200000000001,0.0,,,278.93387377777435,1760.0,1760.0,0.0,1760.0,0.0,1.0,0.0,0.0,0.158485155555556,92.97795792592491,1.0,586.6666666666666,586.6666666666666,0.0,1.0,0.0,0.0,0.15848515555555562,92.97795792592336,1.0,586.6666666666666,586.6666666666666,0.0,1.0,0.0,0.0,0.15848515555555562,92.97795792592606,1.0,586.6666666666666,586.6666666666666,0.0,,,,611.4904970701567,1760.0,1625.0,135.0,1760.0,0.0,1.0,-0.0,-0.0,0.3827596569241085,212.43160959288022,0.925,600.0,555.0,45.0,1.0,0.0,0.0,0.3827596569241097,212.43160959288065,0.925,600.0,555.0,45.0,1.0,0.0,-0.0,0.36238306385319563,186.62727788439588,0.9196428571428578,560.0,515.0,45.0,0.0,0.0,-0.0,0.19716472159924717,0.0,0.88,0.0,0.0,0.0,1.0,,,0.101,164.1250000000006,1625.0,1625.0,0.0,50.37500000000018,-0.0,,,135.0,0.0,58.05,,,,27.43582358,0.0,3.0,1027.1135472679316,0.0,0.0,0.0,104.3547364024169
2,1,3,0.1016,0.0,0.0,1027.9631027179153,,,,0,0.0,1,1760.0,1760.0,0.0,281.6,58.43200000000001,0.0,,,278.9338737777765,1760.0,1760.0,0.0,1760.0,0.0,1.0,0.0,0.0,0.15848515555555567,92.97795792592586,1.0,586.6666666666666,586.6666666666666,0.0,1.0,0.0,0.0,0.15848515555555562,92.9779579259246,1.0,586.6666666666666,586.6666666666666,0.0,1.0,0.0,0.0,0.15848515555555562,92.97795792592606,1.0,586.6666666666666,586.6666666666666,0.0,,,,611.4904970701591,1760.0,1625.0,135.0,1760.0,0.0,1.0,-0.0,-0.0,0.38275965692411124,212.43160959288173,0.925,600.0,555.0,45.0,1.0,0.0,0.0,0.3827596569241108,212.4316095928816,0.925,600.0,555.0,45.0,1.0,0.0,-0.0,0.36238306385319563,186.62727788439574,0.9196428571428571,560.0,515.0,45.0,0.0,0.0,-0.0,0.19716472159924608,0.0,0.88,0.0,0.0,0.0,1.0,,,0.101,164.1250000000007,1625.0,1625.0,0.0,50.37500000000021,0.0,,,135.0,0.0,58.05,,,,26.58626813,0.0,3.0,1027.9631027179364,0.0,0.0,0.0,104.44105123614018
3,1,4,0.1016,0.0,0.0,1030.0210597179484,,,,0,0.0,1,1760.0,1760.0,0.0,281.6,58.43200000000001,0.0,,,278.9338737777783,1760.0,1760.0,0.0,1760.0,0.0,1.0,0.0,0.0,0.1584851555555556,92.97795792592589,1.0,586.6666666666666,586.6666666666666,0.0,1.0,0.0,0.0,0.1584851555555555,92.9779579259261,1.0,586.6666666666666,586.6666666666666,0.0,1.0,0.0,0.0,0.15848515555555545,92.97795792592628,1.0,586.6666666666666,586.6666666666666,0.0,,,,611.4904970701702,1760.0,1625.0,135.0,1760.0,0.0,1.0,0.0,-0.0,0.3827596569241125,212.43160959288244,0.925,600.0,555.0,45.0,1.0,0.0,0.0,0.382759656924119,212.43160959289204,0.925,600.0,555.0,45.0,1.0,0.0,-0.0,0.3623830638531954,186.62727788439577,0.9196428571428578,560.0,515.0,45.0,-0.0,0.0,-0.0,0.2032000221650796,0.0,0.925,0.0,0.0,0.0,1.0,,,0.101,164.125,1625.0,1625.0,0.0,50.375,0.0,,,135.0,0.0,58.05,,,,24.52831113,0.0,3.0,1030.0210597179484,0.0,0.0,0.0,104.65013966734355
4,1,5,0.1016,0.0,0.0,1023.2183197079523,,,,0,0.0,1,1760.0,1760.0,0.0,281.6,58.43200000000001,0.0,,,278.9338737777783,1760.0,1760.0,0.0,1760.0,0.0,1.0,0.0,0.0,0.1584851555555556,92.97795792592589,1.0,586.6666666666666,586.6666666666666,0.0,1.0,0.0,0.0,0.1584851555555555,92.9779579259261,1.0,586.6666666666666,586.6666666666666,0.0,1.0,0.0,0.0,0.15848515555555545,92.97795792592628,1.0,586.6666666666666,586.6666666666666,0.0,,,,611.4904970701715,1760.0,1625.0,135.0,1760.0,0.0,1.0,-0.0,-0.0,0.38275965692411057,212.43160959288136,0.925,600.0,555.0,45.0,1.0,0.0,0.0,0.38275965692412317,212.43160959289438,0.925,600.0,555.0,45.0,1.0,0.0,-0.0,0.3623830638531954,186.62727788439577,0.9196428571428578,560.0,515.0,45.0,0.0,0.0,-0.0,0.19716472159924725,0.0,0.88,0.0,0.0,0.0,1.0,,,0.101,164.12500000000256,1625.0,1625.0,0.0,50.37500000000078,0.0,,,135.0,0.0,58.05,,,,31.33105114,0.0,3.0,1023.2183197079523,0.0,0.0,0.0,103.95898128232795
5,1,6,0.1016,0.0,0.0,1004.5640703979268,,,,0,0.0,1,1760.0,1760.0,0.0,281.6,58.43200000000001,0.0,,,278.93387377777117,1760.0,1760.0,0.0,1760.0,0.0,1.0,0.0,0.0,0.1584851555555556,92.97795792591911,1.0,586.6666666666666,586.6666666666666,0.0,1.0,0.0,0.0,0.15848515555555565,92.977957925926,1.0,586.6666666666666,586.6666666666666,0.0,1.0,0.0,0.0,0.15848515555555556,92.97795792592602,1.0,586.6666666666666,586.6666666666666,0.0,,,,611.4904970701549,1760.0,1625.0,135.0,1760.0,0.0,1.0,0.0,-0.0,0.38275965692410874,212.43160959288036,0.925,600.0,555.0,45.0,1.0,0.0,0.0,0.38275965692410585,212.43160959287874,0.925,600.0,555.0,45.0,1.0,0.0,-0.0,0.3623830638531954,186.62727788439577,0.9196428571428578,560.0,515.0,45.0,0.0,0.0,-0.0,0.19716472159924725,0.0,0.88,0.0,0.0,0.0,1.0,,,0.101,164.1250000000007,1625.0,1625.0,0.0,50.37500000000022,0.0,,,135.0,0.0,58.05,,,,49.98530045,0.0,3.0,1004.5640703979269,0.0,0.0,0.0,102.06370955242936
6,1,7,0.1016,0.0,0.0,1008.663839917936,,,,0,0.0,1,1760.0,1760.0,0.0,281.6,58.43200000000001,0.0,,,278.93387377777793,1760.0,1760.0,0.0,1760.0,0.0,1.0,0.0,-0.0,0.1584851555555556,92.97795792592589,1.0,586.6666666666666,586.6666666666666,0.0,1.0,0.0,-0.0,0.15848515555555565,92.977957925926,1.0,586.6666666666666,586.6666666666666,0.0,1.0,0.0,-0.0,0.15848515555555556,92.97795792592602,1.0,586.6666666666666,586.6666666666666,0.0,,,,611.490497070158,1760.0,1625.0,135.0,1760.0,0.0,1.0,-0.0,-0.0,0.3827596569241088,212.4316095928804,0.925,600.0,555.0,45.0,1.0,0.0,0.0,0.3827596569241092,212.4316095928806,0.925,600.0,555.0,45.0,1.0,0.0,-0.0,0.36238306385319774,186.62727788439696,0.9196428571428578,560.0,515.0,45.0,-0.0,0.0,-0.0,0.19716472159924725,0.0,0.88,0.0,0.0,0.0,1.0,,,0.101,164.125,1625.0,1625.0,0.0,50.375,0.0,,,135.0,0.0,58.05,,,,45.88553093,0.0,3.0,1008.663839917936,0.0,0.0,0.0,102.4802461356623
7,1,8,0.1016,0.0,0.0,1003.5798244579362,,,,0,0.0,1,1760.0,1760.0,0.0,281.6,58.43200000000001,0.0,,,278.93387377777793,1760.0,1760.0,0.0,1760.0,0.0,1.0,0.0,-0.0,0.1584851555555556,92.97795792592589,1.0,586.6666666666666,586.6666666666666,0.0,1.0,0.0,-0.0,0.15848515555555565,92.977957925926,1.0,586.6666666666666,586.6666666666666,0.0,1.0,0.0,-0.0,0.15848515555555556,92.97795792592602,1.0,586.6666666666666,586.6666666666666,0.0,,,,611.490497070157,1760.0,1625.0,135.0,1760.0,0.0,1.0,0.0,-0.0,0.38275965692410874,212.43160959288036,0.925,600.0,555.0,45.0,1.0,0.0,0.0,0.3827596569241096,212.43160959288085,0.925,600.0,555.0,45.0,1.0,0.0,-0.0,0.3623830638531954,186.62727788439577,0.9196428571428578,560.0,515.0,45.0,-0.0,0.0,-0.0,0.19716472159924725,0.0,0.88,0.0,0.0,0.0,1.0,,,0.101,164.1250000000013,1625.0,1625.0,0.0,50.3750000000004,0.0,,,135.0,0.0,58.05,,,,50.96954639,0.0,3.0,1003.5798244579362,0.0,0.0,0.0,101.96371016492631
8,1,9,0.1016,0.0,0.0,992.5380046279369,,,,0,0.0,1,1760.0,1760.0,0.0,281.6,58.432000000000016,0.0,,,278.9338737777779,1760.0,1760.0,0.0,1760.0,0.0,1.0,0.0,-0.0,0.1584851555555556,92.97795792592589,1.0,586.6666666666666,586.6666666666666,0.0,1.0,0.0,-0.0,0.15848515555555565,92.977957925926,1.0,586.6666666666666,586.6666666666666,0.0,1.0,0.0,-0.0,0.15848515555555548,92.97795792592598,1.0,586.6666666666666,586.6666666666666,0.0,,,,611.4904970701589,1760.0,1625.0,135.0,1760.0,0.0,1.0,0.0,-0.0,0.38275965692411096,212.43160959288144,0.925,600.0,555.0,45.0,1.0,0.0,0.0,0.3827596569241111,212.43160959288167,0.925,600.0,555.0,45.0,1.0,0.0,-0.0,0.3623830638531954,186.62727788439577,0.9196428571428578,560.0,515.0,45.0,-0.0,0.0,-0.0,0.2032000221650796,0.0,0.925,0.0,0.0,0.0,1.0,,,0.101,164.125,1625.0,1625.0,0.0,50.375,0.0,,,135.0,0.0,58.05,,,,62.01136622,0.0,3.0,992.5380046279366,0.0,0.0,0.0,100.84186127019838
9,1,10,0.1016,0.0,0.0,1001.3250875579373,,,,0,0.0,1,1760.0,1760.0,0.0,281.6,58.432000000000016,0.0,,,278.9338737777779,1760.0,1760.0,0.0,1760.0,0.0,1.0,0.0,-0.0,0.1584851555555556,92.97795792592589,1.0,586.6666666666666,586.6666666666666,0.0,1.0,0.0,-0.0,0.15848515555555565,92.977957925926,1.0,586.6666666666666,586.6666666666666,0.0,1.0,0.0,-0.0,0.15848515555555548,92.97795792592598,1.0,586.6666666666666,586.6666666666666,0.0,,,,611.4904970701593,1760.0,1625.0,135.0,1760.0,0.0,1.0,-0.0,-0.0,0.3827596569241112,212.4316095928817,0.925,600.0,555.0,45.0,1.0,0.0,0.0,0.3827596569241114,212.43160959288184,0.925,600.0,555.0,45.0,1.0,0.0,-0.0,0.3623830638531954,186.62727788439577,0.9196428571428578,560.0,515.0,45.0,0.0,0.0,-0.0,0.2032000221650796,0.0,0.925,0.0,0.0,0.0,1.0,,,0.101,164.12500000000006,1625.0,1625.0,0.0,50.375000000000014,0.0,,,135.0,0.0,58.05,,,,53.22428329,0.0,3.0,1001.3250875579373,0.0,0.0,0.0,101.73462889588643
10,1,11,0.1016,0.0,0.0,999.228380887937,,,,0,0.0,1,1760.0,1760.0,0.0,281.6,58.432000000000016,0.0,,,278.9338737777779,1760.0,1760.0,0.0,1760.0,0.0,1.0,0.0,-0.0,0.1584851555555556,92.97795792592589,1.0,586.6666666666666,586.6666666666666,0.0,1.0,0.0,-0.0,0.15848515555555565,92.977957925926,1.0,586.6666666666666,586.6666666666666,0.0,1.0,0.0,-0.0,0.15848515555555548,92.97795792592598,1.0,586.6666666666666,586.6666666666666,0.0,,,,611.490497070159,1760.0,1625.0,135.0,1760.0,0.0,1.0,-0.0,-0.0,0.3827596569241108,212.4316095928815,0.925,600.0,555.0,45.0,1.0,0.0,0.0,0.38275965692411146,212.43160959288187,0.925,600.0,555.0,45.0,1.0,0.0,-0.0,0.3623830638531952,186.62727788439565,0.9196428571428578,560.0,515.0,45.0,0.0,0.0,-0.0,0.19716472159924725,0.0,0.88,0.0,0.0,0.0,1.0,,,0.101,164.12500000000006,1625.0,1625.0,0.0,50.375000000000014,-0.0,,,135.0,0.0,58.05,,,,55.32098996,0.0,3.0,999.2283808879369,0.0,0.0,0.0,101.52160349821439
11,1,12,0.1016,0.0,0.0,995.610321057936,,,,0,0.0,1,1760.0,1760.0,0.0,281.6,58.432000000000016,0.0,,,278.93387377777697,1760.0,1760.0,0.0,1760.0,0.0,1.0,0.0,-0.0,0.1584851555555556,92.97795792592498,1.0,586.6666666666666,586.6666666666666,0.0,1.0,0.0,-0.0,0.15848515555555565,92.977957925926,1.0,586.6666666666666,586.6666666666666,0.0,1.0,0.0,-0.0,0.15848515555555548,92.97795792592598,1.0,586.6666666666666,586.6666666666666,0.0,,,,611.4904970701589,1760.0,1625.0,135.0,1760.0,0.0,1.0,-0.0,-0.0,0.3827596569241105,212.43160959288133,0.925,600.0,555.0,45.0,1.0,0.0,0.0,0.3827596569241114,212.43160959288184,0.925,600.0,555.0,45.0,1.0,0.0,-0.0,0.3623830638531954,186.62727788439577,0.9196428571428578,560.0,515.0,45.0,0.0,0.0,-0.0,0.19716472159924603,0.0,0.88,0.0,0.0,0.0,1.0,,,0.101,164.12500000000006,1625.0,1625.0,0.0,50.375000000000014,-0.0,,,135.0,0.0,58.05,,,,58.93904979,0.0,3.0,995.610321057936,0.0,0.0,0.0,101.15400861948629
12,1,13,0.1016,0.0,0.0,992.772400607937,,,,0,0.0,1,1760.0,1760.0,0.0,281.6,58.432000000000016,0.0,,,278.9338737777779,1760.0,1760.0,0.0,1760.0,0.0,1.0,0.0,-0.0,0.1584851555555556,92.97795792592589,1.0,586.6666666666666,586.6666666666666,0.0,1.0,0.0,-0.0,0.15848515555555565,92.977957925926,1.0,586.6666666666666,586.6666666666666,0.0,1.0,0.0,-0.0,0.15848515555555548,92.97795792592598,1.0,586.6666666666666,586.6666666666666,0.0,,,,611.4904970701591,1760.0,1625.0,135.0,1760.0,0.0,1.0,-0.0,-0.0,0.38275965692411024,212.4316095928803,0.925,600.0,555.0,45.0,1.0,0.0,0.0,0.3827596569241114,212.43160959288184,0.925,600.0,555.0,45.0,1.0,0.0,-0.0,0.36238306385319774,186.62727788439696,0.9196428571428578,560.0,515.0,45.0,-0.0,0.0,-0.0,0.19716472159924725,0.0,0.88,0.0,0.0,0.0,1.0,,,0.101,164.12499999999977,1625.0,1625.0,0.0,50.37499999999993,-0.0,,,135.0,0.0,58.05,,,,61.77697024,0.0,3.0,992.7724006079367,0.0,0.0,0.0,100.8656759017664
13,1,14,0.1016,0.0,0.0,995.0796793779363,,,,0,0.0,1,1760.0,1760.0,0.0,281.6,58.431999999999654,0.0,,,278.9338737777765,1760.0,1760.0,0.0,1760.0,0.0,1.0,0.0,-0.0,0.1584851555555556,92.97795792592589,1.0,586.6666666666666,586.6666666666666,0.0,1.0,0.0,0.0,0.15848515555555542,92.97795792592612,1.0,586.6666666666666,586.6666666666666,0.0,1.0,0.0,0.0,0.15848515555555623,92.9779579259245,1.0,586.6666666666666,586.6666666666666,0.0,,,,611.4904970701592,1760.0,1625.0,135.0,1760.0,0.0,1.0,-0.0,0.0,0.38275965692411135,212.43160959288178,0.925,600.0,555.0,45.0,1.0,0.0,0.0,0.3827596569241111,212.43160959288167,0.925,600.0,555.0,45.0,1.0,0.0,-0.0,0.3623830638531954,186.62727788439577,0.9196428571428578,560.0,515.0,45.0,-0.0,0.0,-0.0,0.19716472159924725,0.0,0.88,0.0,0.0,0.0,1.0,,,0.101,164.1250000000006,1625.0,1625.0,0.0,50.37500000000018,-0.0,,,135.0,0.0,58.05,,,,59.46969147,0.0,3.0,995.0796793779364,0.0,0.0,0.0,101.10009542479833
14,1,15,0.1016,0.0,0.0,1004.7600431079508,,,,0,0.0,1,1760.0,1760.0,0.0,281.6,58.432000000000116,0.0,,,278.9338737777782,1760.0,1760.0,0.0,1760.0,0.0,1.0,0.0,-0.0,0.1584851555555556,92.97795792592589,1.0,586.6666666666666,586.6666666666666,0.0,1.0,0.0,-0.0,0.15848515555555545,92.97795792592609,1.0,586.6666666666666,586.6666666666666,0.0,1.0,0.0,-0.0,0.15848515555555545,92.9779579259262,1.0,586.6666666666666,586.6666666666666,0.0,,,,611.4904970701702,1760.0,1625.0,135.0,1760.0,0.0,1.0,-0.0,0.0,0.38275965692411035,212.43160959288124,0.925,600.0,555.0,45.0,1.0,0.0,0.0,0.382759656924122,212.43160959289332,0.925,600.0,555.0,45.0,1.0,0.0,-0.0,0.3623830638531952,186.62727788439565,0.9196428571428578,560.0,515.0,45.0,0.0,0.0,-0.0,0.19716472159924608,0.0,0.88,0.0,0.0,0.0,1.0,,,0.101,164.12500000000233,1625.0,1625.0,0.0,50.37500000000071,-0.0,,,135.0,0.0,58.05,,,,49.78932774,0.0,3.0,1004.7600431079508,0.0,0.0,0.0,102.0836203797678
15,1,16,0.1016,0.0,0.0,1003.8739966879435,,,,0,0.0,1,1760.0,1760.0,0.0,281.6,58.432000000000016,0.0,,,278.93387377777793,1760.0,1760.0,0.0,1760.0,0.0,1.0,0.0,-0.0,0.15848515555555567,92.97795792592589,1.0,586.6666666666666,586.6666666666666,0.0,1.0,0.0,0.0,0.15848515555555565,92.97795792592599,1.0,586.6666666666666,586.6666666666666,0.0,1.0,0.0,-0.0,0.15848515555555545,92.97795792592602,1.0,586.6666666666666,586.6666666666666,0.0,,,,611.4904970701657,1760.0,1625.0,135.0,1760.0,0.0,1.0,-0.0,0.0,0.3827596569241114,212.43160959288184,0.925,600.0,555.0,45.0,1.0,0.0,0.0,0.3827596569241151,212.4316095928869,0.925,600.0,555.0,45.0,1.0,0.0,-0.0,0.36238306385319774,186.62727788439696,0.9196428571428578,560.0,515.0,45.0,0.0,0.0,-0.0,0.19716472159924722,0.0,0.88,0.0,0.0,0.0,1.0,,,0.101,164.125,1625.0,1625.0,0.0,50.375,-0.0,,,135.0,0.0,58.05,,,,50.67537416,0.0,3.0,1003.8739966879436,0.0,0.0,0.0,101.99359806349506
16,1,17,0.1016,0.0,0.0,1003.4286423179431,,,,0,0.0,1,1760.0,1760.0,0.0,281.6,58.432000000000016,0.0,,,278.93387377777793,1760.0,1760.0,0.0,1760.0,0.0,1.0,0.0,-0.0,0.15848515555555567,92.97795792592589,1.0,586.6666666666666,586.6666666666666,0.0,1.0,0.0,-0.0,0.15848515555555565,92.97795792592599,1.0,586.6666666666666,586.6666666666666,0.0,1.0,0.0,-0.0,0.15848515555555545,92.97795792592602,1.0,586.6666666666666,586.6666666666666,0.0,,,,611.4904970701651,1760.0,1625.0,135.0,1760.0,0.0,1.0,-0.0,-0.0,0.3827596569241111,212.43160959288167,0.925,600.0,555.0,45.0,1.0,0.0,0.0,0.3827596569241165,212.43160959288767,0.925,600.0,555.0,45.0,1.0,0.0,-0.0,0.3623830638531954,186.62727788439577,0.9196428571428578,560.0,515.0,45.0,0.0,0.0,-0.0,0.19716472159924722,0.0,0.88,0.0,0.0,0.0,1.0,,,0.101,164.125,1625.0,1625.0,0.0,50.375,-0.0,,,135.0,0.0,58.05,,,,51.12072853,0.0,3.0,1003.4286423179431,0.0,0.0,0.0,101.94835005950301
17,1,18,0.15246,0.0,0.0,620.0971399851289,,,,0,0.0,1,1173.3333333333333,1173.3333333333333,0.0,187.73333333333332,38.95466666666665,0.0,,,178.96612075155198,1173.3333333333333,1129.2295491284478,44.10378420488507,1173.3333333333333,0.0,1.0,0.0,-0.0,0.15848515555555562,92.97795792592588,1.0,586.6666666666666,586.6666666666666,0.0,1.0,0.0,-0.0,0.15848515555555562,85.9881628256261,0.9248230951053096,586.6666666666666,542.5628824617817,44.10378420488507,-0.0,0.0,1.0,0.271,0.0,0.0,0.0,0.0,0.0,,,,378.989399521612,1129.2295491284478,1039.2295491284465,90.0,1129.2295491284592,0.0,1.0,-0.0,-0.0,0.36468304797477114,189.49469976080286,0.9202996414064053,564.6147745642294,519.6147745642187,45.0,1.0,0.0,0.0,0.36468304797477513,189.4946997608091,0.920299641406425,564.6147745642298,519.6147745642302,45.0,-0.0,0.0,1.0,0.20243914270362495,0.0,0.9208738811972427,0.0,0.0,0.0,-0.0,0.0,-0.0,0.2032000221650788,0.0,0.925,0.0,0.0,0.0,1.0,,,0.101,104.9621844619731,1039.2295491284465,1039.2295491284465,0.0,32.21611602298184,-0.0,,,134.10378420488405,0.0,57.66462720810014,,,,42.82056475,0.0,2.0,620.097139985137,0.0,0.0,0.0,94.54000996213277
18,1,19,0.15246,0.0,0.0,630.8676767332438,,,,0,0.0,1,1173.3333333333333,1173.3333333333333,0.0,187.73333333333332,38.954666666666704,0.0,,,178.96612075154837,1173.3333333333333,1129.2295491284244,44.10378420490986,1173.3333333333333,0.0,1.0,0.0,0.0,0.15848515555555562,85.98816282562234,0.9248230951052689,586.6666666666666,542.5628824617579,44.103784204908834,1.0,0.0,-0.0,0.15848515555555545,92.97795792592602,1.0,586.6666666666666,586.6666666666666,0.0,0.0,0.0,-0.0,0.271,0.0,0.0,0.0,0.0,0.0,,,,370.6615620409901,1129.2295491284244,1022.8869470366744,106.34260209176585,1129.2295491284444,0.0,1.0,-0.0,-0.0,0.3625466760112963,185.6794142989778,0.9070841774629705,564.614774564222,512.1531283690279,52.461646195194135,1.0,0.0,0.0,0.3621889543648676,184.98214774201227,0.9045704109706343,564.6147745642223,510.7338186676506,53.88095589657172,0.0,0.0,-0.0,0.2032000221650788,0.0,0.925,0.0,0.0,0.0,-0.0,0.0,-0.0,0.19716472159924728,0.0,0.88,0.0,0.0,0.0,1.0,,,0.101,103.31158165070413,1022.8869470366744,1022.8869470366744,0.0,31.709495358136905,-0.0,,,150.4463862966557,0.0,64.69194610756195,,,,22.07158771,0.0,2.0,630.8676767332427,0.0,0.0,0.0,96.18208599475035
19,1,20,0.15246,0.0,0.0,630.8806089869241,,,,0,0.0,1,1173.3333333333333,1173.3333333333333,0.0,187.73333333333332,38.95466666666667,0.0,,,178.9661207515506,1173.3333333333333,1129.229549128439,44.10378420489485,1173.3333333333333,0.0,1.0,0.0,-0.0,0.15848515555555562,85.98816282562463,0.9248230951052936,586.6666666666666,542.5628824617723,44.103784204894396,1.0,0.0,-0.0,0.15848515555555553,92.97795792592598,1.0,586.6666666666666,586.6666666666666,0.0,-0.0,0.0,-0.0,0.271,0.0,0.0,0.0,0.0,0.0,,,,370.49128921765725,1129.229549128439,1022.5445395813358,106.68500954710845,1129.2295491284444,0.0,1.0,-0.0,-0.0,0.36235026689687955,185.2992233572504,0.9057175334278325,564.614774564222,511.3815009552188,53.23327360900316,1.0,0.0,0.0,0.3622954945219796,185.19206586040687,0.9053306106285297,564.6147745642223,511.16303862611704,53.45173593810529,-0.0,0.0,-0.0,0.19716472159924603,0.0,0.88,0.0,0.0,0.0,-0.0,0.0,-0.0,0.19716472159924608,0.0,0.88,0.0,0.0,0.0,1.0,,,0.101,103.27699849771493,1022.5445395813358,1022.5445395813358,0.0,31.69888072702141,-0.0,,,150.78879375199784,0.0,64.83918131335908,,,,21.85379948,0.0,2.0,630.8806089869228,0.0,0.0,0.0,96.18405764614646
20,1,21,0.15246,0.0,0.0,629.1067515446006,,,,0,0.0,1,1173.3333333333333,1173.3333333333333,0.0,187.73333333333332,38.95466666666667,0.0,,,178.96612075155107,1173.3333333333333,1129.229549128443,44.1037842048903,1173.3333333333333,0.0,1.0,0.0,-0.0,0.15848515555555565,92.97795792592579,1.0,586.6666666666666,586.6666666666666,0.0,1.0,0.0,-0.0,0.15848515555555562,85.98816282562528,0.9248230951053006,586.6666666666666,542.5628824617764,44.1037842048903,-0.0,0.0,-0.0,0.271,0.0,0.0,0.0,0.0,0.0,,,,373.9280809545222,1129.229549128443,1029.4427135497624,99.78683557867294,1129.229549128442,0.0,1.0,-0.0,-0.0,0.3632218537977181,186.94279269720178,0.9115584415584402,564.6147745642207,514.6793639826311,49.93541058158962,1.0,0.0,0.0,0.36324514636590877,186.98528825732046,0.9117071900295924,564.6147745642212,514.7633495671379,49.85142499708331,0.0,0.0,-0.0,0.19716472159924603,0.0,0.88,0.0,0.0,0.0,0.0,0.0,-0.0,0.19716472159924603,0.0,0.88,0.0,0.0,0.0,1.0,,,0.101,103.97371406852601,1029.4427135497624,1029.4427135497624,0.0,31.912724120042633,0.0,,,143.89061978356438,0.0,61.87296650693268,,,,27.76116423,0.0,2.0,629.1067515445993,0.0,0.0,0.0,95.91361534048981
21,1,22,0.15246,0.0,0.0,628.4097224051302,,,,0,0.0,1,1173.3333333333333,1173.3333333333333,0.0,187.73333333333332,38.95466666666667,0.0,,,178.9661207515507,1173.3333333333333,1129.2295491284406,44.103784204892804,1173.3333333333333,0.0,1.0,0.0,-0.0,0.15848515555555565,92.97795792592579,1.0,586.6666666666666,586.6666666666666,0.0,1.0,0.0,-0.0,0.15848515555555565,85.9881628256249,0.9248230951052964,586.6666666666666,542.5628824617739,44.103784204892804,-0.0,0.0,-0.0,0.271,0.0,0.0,0.0,0.0,0.0,,,,378.98939952160595,1129.2295491284406,1039.2295491284428,90.0,1129.2295491284394,0.0,1.0,-0.0,-0.0,0.36468304797477047,189.49469976080292,0.9202996414064235,564.6147745642195,519.6147745642198,45.0,1.0,0.0,0.0,0.36468304797477047,189.49469976080306,0.9202996414064235,564.6147745642198,519.6147745642202,45.0,0.0,0.0,-0.0,0.19716472159924608,0.0,0.88,0.0,0.0,0.0,-0.0,0.0,0.0,0.19716472159924608,0.0,0.88,0.0,0.0,0.0,1.0,,,0.101,104.96218446197274,1039.2295491284428,1039.2295491284428,0.0,32.21611602298173,-0.0,,,134.10378420489326,0.0,57.6646272081041,,,,34.50798233,0.0,2.0,628.4097224051294,0.0,0.0,0.0,95.80734627788615
22,1,23,0.1016,0.0,0.0,1441.3648867541428,,,,0,0.0,1,2390.0,2390.0,0.0,382.4,79.348,0.0,,,401.75449124999693,2390.0,2390.0,0.0,2390.0,0.0,1.0,0.0,-0.0,0.16951977499999873,158.50098962499678,1.0,935.0,935.0,0.0,1.0,0.0,-0.0,0.16951977500000012,158.5009896250001,1.0,935.0,935.0,0.0,1.0,1.0,-0.0,0.1629856000000001,84.75251200000005,1.0,520.0,520.0,0.0,,,,845.9660359041453,2390.0,2204.75,185.25,2390.0,0.0,1.0,-0.0,-0.0,0.4006021291490202,235.30367560890573,0.925,635.0,587.375,47.625,1.0,0.0,0.0,0.4006021291490202,235.30367560890573,0.925,635.0,587.375,47.625,1.0,1.0,-0.0,0.38275965692411124,212.43160959288173,0.925,600.0,555.0,45.0,1.0,1.0,-0.0,0.34300436861779393,162.92707509345212,0.9134615384615384,520.0,475.0,45.0,1.0,,,0.101,222.67975000000055,2204.75,2204.75,0.0,68.34725000000017,0.0,,,185.25,0.0,79.65749999999491,,,,29.0353904,0.0,4.0,1441.3648867541426,0.0,-0.0,0.0,146.44267249422091
23,1,24,0.1016,0.0,0.0,1441.4203848900352,,,,0,0.0,1,2390.0,2390.0,0.0,382.4,79.348,0.0,,,401.7544912499957,2390.0,2390.0,0.0,2390.0,0.0,1.0,0.0,-0.0,0.16951977499999873,158.50098962499678,1.0,935.0,935.0,0.0,1.0,0.0,-0.0,0.16951977499999885,158.5009896249989,1.0,935.0,935.0,0.0,1.0,0.0,-0.0,0.1629856000000001,84.75251200000005,1.0,520.0,520.0,0.0,,,,845.9654855965575,2390.0,2204.7490443909087,185.25095560909995,2390.0,0.0,1.0,-0.0,-0.0,0.40060184400099486,235.30312530131678,0.9249984951037796,635.0,587.3740443909,47.62595560909995,1.0,0.0,0.0,0.4006021291490216,235.30367560890656,0.925,635.0,587.375,47.625,1.0,0.0,-0.0,0.38275965692411157,212.43160959288193,0.925,600.0,555.0,45.0,1.0,0.0,-0.0,0.3430043686177943,162.9270750934523,0.9134615384615401,520.0,475.0,45.0,1.0,,,0.101,222.6796534834818,2204.7490443909087,2204.7490443909087,0.0,68.34722037611817,0.0,,,185.25095560907744,0.0,79.6579109119033,,,,28.97924544,0.0,4.0,1441.4203848900352,0.0,-0.0,0.0,146.44831110482755
24,1,25,0.1016,0.0,0.0,1440.8951058841392,,,,0,0.0,1,2390.0,2390.0,0.0,382.4,79.348,0.0,,,401.7544912499941,2390.0,2390.0,0.0,2390.0,0.0,1.0,0.0,-0.0,0.1695197749999988,158.50098962499692,1.0,935.0,935.0,0.0,1.0,0.0,-0.0,0.16951977499999885,158.50098962499712,1.0,935.0,935.0,0.0,1.0,0.0,-0.0,0.1629856000000001,84.75251200000005,1.0,520.0,520.0,0.0,,,,845.9660359041466,2390.0,2204.75,185.25,2390.0,0.0,1.0,0.0,-0.0,0.40060212914902155,235.30367560890653,0.925,635.0,587.375,47.625,1.0,0.0,0.0,0.40060212914902155,235.30367560890653,0.925,635.0,587.375,47.625,1.0,0.0,-0.0,0.3827596569241109,212.43160959288141,0.925,600.0,555.0,45.0,1.0,0.0,-0.0,0.34300436861779354,162.92707509345206,0.9134615384615391,520.0,475.0,45.0,1.0,,,0.101,222.6797499999985,2204.75,2204.75,0.0,68.34724999999953,0.0,,,185.25,0.0,79.65749999999046,,,,29.50517127,0.0,4.0,1440.8951058841392,0.0,-0.0,0.0,146.39494275782855
25,1,26,0.1016,0.0,0.0,1439.2358892741463,,,,0,0.0,1,2390.0,2390.0,0.0,382.4,79.348,0.0,,,401.7544912500007,2390.0,2390.0,0.0,2390.0,0.0,1.0,0.0,-0.0,0.16951977500000004,158.50098962500005,1.0,935.0,935.0,0.0,1.0,0.0,-0.0,0.16951977500000023,158.50098962500056,1.0,935.0,935.0,0.0,1.0,0.0,-0.0,0.1629856000000001,84.75251200000005,1.0,520.0,520.0,0.0,,,,845.9660359041444,2390.0,2204.75,185.25,2390.0,0.0,1.0,-0.0,-0.0,0.40060212914902155,235.30367560890653,0.925,635.0,587.375,47.625,1.0,0.0,0.0,0.4006021291490216,235.30367560890656,0.925,635.0,587.375,47.625,1.0,0.0,-0.0,0.38275965692410946,212.43160959287948,0.925,600.0,555.0,45.0,1.0,0.0,-0.0,0.34300436861779326,162.92707509345192,0.9134615384615391,520.0,475.0,45.0,1.0,,,0.101,222.67975000000112,2204.75,2204.75,0.0,68.34725000000034,0.0,,,185.25,0.0,79.65750000000205,,,,31.16438788,0.0,4.0,1439.2358892741463,0.0,-0.0,0.0,146.22636635025327
26,1,27,0.1016,0.0,0.0,1440.2923377441443,,,,0,0.0,1,2390.0,2390.0,0.0,382.4,79.348,0.0,,,401.7544912499984,2390.0,2390.0,0.0,2390.0,0.0,1.0,0.0,-0.0,0.16951977499999935,158.50098962499828,1.0,935.0,935.0,0.0,1.0,0.0,-0.0,0.16951977500000004,158.50098962500007,1.0,935.0,935.0,0.0,1.0,0.0,-0.0,0.1629856000000001,84.75251200000005,1.0,520.0,520.0,0.0,,,,845.9660359041471,2390.0,2204.75,185.25,2390.0,0.0,1.0,0.0,-0.0,0.40060212914902166,235.3036756089066,0.925,635.0,587.375,47.625,1.0,0.0,0.0,0.40060212914902166,235.3036756089066,0.925,635.0,587.375,47.625,1.0,0.0,-0.0,0.3827596569241111,212.43160959288156,0.925,600.0,555.0,45.0,1.0,0.0,-0.0,0.34300436861779415,162.92707509345234,0.9134615384615391,520.0,475.0,45.0,1.0,,,0.101,222.679749999999,2204.75,2204.75,0.0,68.34724999999969,0.0,,,185.25,0.0,79.65749999999731,,,,30.10793941,0.0,4.0,1440.2923377441446,0.0,-0.0,0.0,146.33370151480506
27,1,28,0.1016,0.0,0.0,1440.2552515541468,,,,0,0.0,1,2390.0,2390.0,0.0,382.4,79.348,0.0,,,401.7544912499992,2390.0,2390.0,0.0,2390.0,0.0,1.0,0.0,-0.0,0.16951977500000004,158.50098962500005,1.0,935.0,935.0,0.0,1.0,0.0,-0.0,0.16951977500000004,158.50098962500007,1.0,935.0,935.0,0.0,1.0,0.0,-0.0,0.1629856000000007,84.75251199999914,1.0,520.0,520.0,0.0,,,,845.9660359041475,2390.0,2204.75,185.25,2390.0,0.0,1.0,-0.0,-0.0,0.4006021291490231,235.30367560890744,0.925,635.0,587.375,47.625,1.0,0.0,0.0,0.4006021291490214,235.30367560890645,0.925,635.0,587.375,47.625,1.0,0.0,-0.0,0.3827596569241114,212.43160959288184,0.925,600.0,555.0,45.0,1.0,0.0,-0.0,0.3430043686177928,162.92707509345172,0.9134615384615392,520.0,475.0,45.0,1.0,,,0.101,222.67975,2204.75,2204.75,0.0,68.34725,0.0,,,185.25,0.0,79.6574999999967,,,,30.1450256,0.0,4.0,1440.2552515541465,0.0,-0.0,0.0,146.3299335579013
28,1,29,0.1016,0.0,0.0,1435.5616224941482,,,,0,0.0,1,2390.0,2390.0,0.0,382.4,79.348,0.0,,,401.7544912500002,2390.0,2390.0,0.0,2390.0,0.0,1.0,0.0,-0.0,0.16951977500000012,158.5009896250001,1.0,935.0,935.0,0.0,1.0,0.0,-0.0,0.16951977500000004,158.50098962500013,1.0,935.0,935.0,0.0,1.0,0.0,-0.0,0.1629856000000001,84.75251200000005,1.0,520.0,520.0,0.0,,,,845.9660359041469,2390.0,2204.75,185.25,2390.0,0.0,1.0,0.0,-0.0,0.40060212914902166,235.3036756089066,0.925,635.0,587.375,47.625,1.0,0.0,0.0,0.40060212914902166,235.3036756089066,0.925,635.0,587.375,47.625,1.0,0.0,-0.0,0.3827596569241112,212.43160959288159,0.925,600.0,555.0,45.0,1.0,0.0,-0.0,0.34300436861779393,162.92707509345212,0.9134615384615384,520.0,475.0,45.0,1.0,,,0.101,222.67975000000084,2204.75,2204.75,0.0,68.34725000000026,0.0,,,185.25,0.0,79.6575000000004,,,,34.83865466,0.0,4.0,1435.561622494148,0.0,-0.0,0.0,145.85306084540545
29,1,30,0.1016,0.0,0.0,1417.829473824148,,,,0,0.0,1,2390.0,2390.0,0.0,382.4,79.348,0.0,,,401.7544912500002,2390.0,2390.0,0.0,2390.0,0.0,1.0,0.0,-0.0,0.16951977500000012,158.5009896250001,1.0,935.0,935.0,0.0,1.0,0.0,-0.0,0.16951977500000004,158.50098962500013,1.0,935.0,935.0,0.0,1.0,0.0,-0.0,0.1629856000000001,84.75251200000005,1.0,520.0,520.0,0.0,,,,845.9660359041472,2390.0,2204.75,185.25,2390.0,0.0,1.0,0.0,-0.0,0.4006021291490217,235.30367560890664,0.925,635.0,587.375,47.625,1.0,0.0,0.0,0.4006021291490217,235.30367560890664,0.925,635.0,587.375,47.625,1.0,0.0,-0.0,0.3827596569241112,212.4316095928817,0.925,600.0,555.0,45.0,1.0,0.0,-0.0,0.34300436861779415,162.92707509345223,0.9134615384615398,520.0,475.0,45.0,1.0,,,0.101,222.67975000000052,2204.75,2204.75,0.0,68.34725000000016,0.0,,,185.25,0.0,79.65750000000024,,,,52.57080333,0.0,4.0,1417.829473824148,0.0,-0.0,0.0,144.05147454053343
30,1,31,0.1016,0.0,0.0,1421.3644842541473,,,,0,0.0,1,2390.0,2390.0,0.0,382.4,79.348,0.0,,,401.75449124999983,2390.0,2390.0,0.0,2390.0,0.0,1.0,0.0,-0.0,0.16951977500000012,158.5009896250001,1.0,935.0,935.0,0.0,1.0,0.0,-0.0,0.16951977500000007,158.50098962500016,1.0,935.0,935.0,0.0,1.0,0.0,-0.0,0.16298560000000045,84.75251199999957,1.0,520.0,520.0,0.0,,,,845.9660359041477,2390.0,2204.75,185.25,2390.0,0.0,1.0,-0.0,-0.0,0.4006021291490216,235.30367560890656,0.925,635.0,587.375,47.625,1.0,0.0,0.0,0.40060212914902155,235.30367560890653,0.925,635.0,587.375,47.625,1.0,0.0,-0.0,0.38275965692411096,212.43160959288144,0.925,600.0,555.0,45.0,1.0,0.0,-0.0,0.3430043686177957,162.92707509345308,0.9134615384615392,520.0,475.0,45.0,1.0,,,0.101,222.67974999999996,2204.75,2204.75,0.0,68.34724999999999,0.0,,,185.25,0.0,79.65749999999814,,,,49.0357929,0.0,4.0,1421.3644842541476,0.0,-0.0,0.0,144.41063160022136
31,1,32,0.1016,0.0,0.0,1423.4463945441462,,,,0,0.0,1,2390.0,2390.0,0.0,382.4,79.34799999999986,0.0,,,401.75449124999983,2390.0,2390.0,0.0,2390.0,0.0,1.0,0.0,-0.0,0.16951977500000012,158.5009896250001,1.0,935.0,935.0,0.0,1.0,0.0,-0.0,0.16951977500000007,158.50098962500016,1.0,935.0,935.0,0.0,1.0,0.0,-0.0,0.16298560000000045,84.75251199999957,1.0,520.0,520.0,0.0,,,,845.9660359041467,2390.0,2204.75,185.25,2390.0,0.0,1.0,-0.0,-0.0,0.40060212914902155,235.30367560890653,0.925,635.0,587.375,47.625,1.0,0.0,0.0,0.40060212914902155,235.30367560890653,0.925,635.0,587.375,47.625,1.0,0.0,-0.0,0.38275965692411096,212.43160959288144,0.925,600.0,555.0,45.0,1.0,0.0,-0.0,0.3430043686177939,162.9270750934521,0.9134615384615384,520.0,475.0,45.0,1.0,,,0.101,222.67974999999996,2204.75,2204.75,0.0,68.34724999999999,-0.0,,,185.25,0.0,79.65749999999814,,,,46.95388261,0.0,4.0,1423.4463945441466,0.0,-0.0,0.0,144.62215368568525
32,1,33,0.1016,0.0,0.0,1427.3962141341458,,,,0,0.0,1,2390.0,2390.0,0.0,382.4,79.34799999999986,0.0,,,401.75449124999983,2390.0,2390.0,0.0,2390.0,0.0,1.0,0.0,-0.0,0.16951977500000012,158.5009896250001,1.0,935.0,935.0,0.0,1.0,0.0,-0.0,0.16951977500000007,158.50098962500016,1.0,935.0,935.0,0.0,1.0,0.0,-0.0,0.16298560000000045,84.75251199999957,1.0,520.0,520.0,0.0,,,,845.9660359041462,2390.0,2204.75,185.25,2390.0,0.0,1.0,-0.0,-0.0,0.4006021291490203,235.30367560890582,0.925,635.0,587.375,47.625,1.0,0.0,0.0,0.40060212914902155,235.30367560890653,0.925,635.0,587.375,47.625,1.0,0.0,-0.0,0.38275965692411096,212.43160959288144,0.925,600.0,555.0,45.0,1.0,0.0,-0.0,0.34300436861779443,162.92707509345234,0.9134615384615399,520.0,475.0,45.0,1.0,,,0.101,222.67974999999996,2204.75,2204.75,0.0,68.34724999999999,-0.0,,,185.25,0.0,79.65749999999814,,,,43.00406302,0.0,4.0,1427.396214134146,0.0,-0.0,0.0,145.02345535602922
33,1,34,0.1016,0.0,0.0,1424.3481268441458,,,,0,0.0,1,2390.0,2390.0,0.0,382.4,79.34799999999986,0.0,,,401.75449124999983,2390.0,2390.0,0.0,2390.0,0.0,1.0,0.0,-0.0,0.16951977500000012,158.5009896250001,1.0,935.0,935.0,0.0,1.0,0.0,-0.0,0.16951977500000007,158.50098962500016,1.0,935.0,935.0,0.0,1.0,0.0,-0.0,0.16298560000000045,84.75251199999957,1.0,520.0,520.0,0.0,,,,845.9660359041459,2390.0,2204.75,185.25,2390.0,0.0,1.0,-0.0,-0.0,0.40060212914902055,235.30367560890593,0.925,635.0,587.375,47.625,1.0,0.0,0.0,0.4006021291490216,235.30367560890656,0.925,635.0,587.375,47.625,1.0,0.0,-0.0,0.38275965692411096,212.43160959288144,0.925,600.0,555.0,45.0,1.0,0.0,-0.0,0.34300436861779354,162.92707509345206,0.9134615384615391,520.0,475.0,45.0,1.0,,,0.101,222.67975,2204.75,2204.75,0.0,68.34725,-0.0,,,185.25,0.0,79.657499999998,,,,46.05215031,0.0,4.0,1424.3481268441456,0.0,-0.0,0.0,144.71376968736521
34,1,35,0.1016,0.0,0.0,1421.6496889341456,,,,0,0.0,1,2390.0,2390.0,0.0,382.4,79.34799999999979,0.0,,,401.7544912499997,2390.0,2390.0,0.0,2390.0,0.0,1.0,0.0,-0.0,0.16951977500000012,158.5009896250001,1.0,935.0,935.0,0.0,1.0,0.0,-0.0,0.16951977500000007,158.50098962500016,1.0,935.0,935.0,0.0,1.0,0.0,-0.0,0.1629856000000007,84.75251199999946,1.0,520.0,520.0,0.0,,,,845.9660359041461,2390.0,2204.75,185.25,2390.0,0.0,1.0,-0.0,-0.0,0.4006021291490216,235.30367560890656,0.925,635.0,587.375,47.625,1.0,0.0,0.0,0.40060212914902027,235.3036756089058,0.925,635.0,587.375,47.625,1.0,0.0,0.0,0.38275965692411096,212.43160959288144,0.925,600.0,555.0,45.0,1.0,0.0,-0.0,0.34300436861779426,162.9270750934523,0.9134615384615399,520.0,475.0,45.0,1.0,,,0.101,222.67974999999996,2204.75,2204.75,0.0,68.34724999999999,-0.0,,,185.25,0.0,79.65749999999726,,,,48.75058822,0.0,4.0,1421.6496889341458,0.0,-0.0,0.0,144.4396083957092
35,1,36,0.1016,0.0,0.0,1421.0274182841463,,,,0,0.0,1,2390.0,2390.0,0.0,382.4,79.34799999999979,0.0,,,401.7544912499997,2390.0,2390.0,0.0,2390.0,0.0,1.0,0.0,-0.0,0.16951977500000012,158.5009896250001,1.0,935.0,935.0,0.0,1.0,0.0,-0.0,0.16951977500000007,158.50098962500016,1.0,935.0,935.0,0.0,1.0,0.0,-0.0,0.1629856000000007,84.75251199999946,1.0,520.0,520.0,0.0,,,,845.9660359041468,2390.0,2204.75,185.25,2390.0,0.0,1.0,-0.0,-0.0,0.40060212914902155,235.30367560890653,0.925,635.0,587.375,47.625,1.0,0.0,0.0,0.40060212914902155,235.30367560890653,0.925,635.0,587.375,47.625,1.0,0.0,-0.0,0.38275965692411096,212.43160959288144,0.925,600.0,555.0,45.0,1.0,0.0,-0.0,0.343004368617794,162.92707509345226,0.9134615384615391,520.0,475.0,45.0,1.0,,,0.101,222.67975,2204.75,2204.75,0.0,68.34725,-0.0,,,185.25,0.0,79.65749999999711,,,,49.37285887,0.0,4.0,1421.0274182841465,0.0,-0.0,0.0,144.37638569766926
36,1,37,0.1016,0.0,0.0,1420.155014844147,,,,0,0.0,1,2390.0,2390.0,0.0,382.4,79.34799999999979,0.0,,,401.7544912499997,2390.0,2390.0,0.0,2390.0,0.0,1.0,0.0,-0.0,0.16951977500000012,158.5009896250001,1.0,935.0,935.0,0.0,1.0,0.0,-0.0,0.16951977500000007,158.50098962500016,1.0,935.0,935.0,0.0,1.0,0.0,-0.0,0.1629856000000007,84.75251199999946,1.0,520.0,520.0,0.0,,,,845.9660359041469,2390.0,2204.75,185.25,2390.0,0.0,1.0,-0.0,-0.0,0.40060212914902155,235.30367560890653,0.925,635.0,587.375,47.625,1.0,0.0,0.0,0.40060212914902155,235.30367560890653,0.925,635.0,587.375,47.625,1.0,0.0,-0.0,0.3827596569241108,212.4316095928815,0.925,600.0,555.0,45.0,1.0,0.0,-0.0,0.34300436861779415,162.92707509345234,0.9134615384615391,520.0,475.0,45.0,1.0,,,0.101,222.67975000000007,2204.75,2204.75,0.0,68.34725000000002,-0.0,,,185.25,0.0,79.65749999999697,,,,50.24526231,0.0,4.0,1420.1550148441465,0.0,-0.0,0.0,144.28774950816532
37,1,38,0.1016,0.0,0.0,1129.1453909806942,,,,0,0.0,1,1870.0,1870.0,0.0,299.2,62.08400000000003,0.0,,,317.0019792500003,1870.0,1870.0,0.0,1870.0,0.0,1.0,0.0,-0.0,0.16951977500000012,158.5009896250001,1.0,935.0,935.0,0.0,1.0,0.0,-0.0,0.1695197750000001,158.50098962500022,1.0,935.0,935.0,0.0,0.0,0.0,1.0,0.271,0.0,0.0,0.0,0.0,0.0,,,,683.0389608106939,1870.0,1729.75,140.25,1870.0,0.0,1.0,-0.0,-0.0,0.4006021291490216,235.30367560890656,0.925,635.0,587.375,47.625,1.0,0.0,0.0,0.4006021291490202,235.30367560890573,0.925,635.0,587.375,47.625,1.0,0.0,-0.0,0.38275965692411024,212.4316095928816,0.925,600.0,555.0,45.0,0.0,0.0,1.0,0.19716472159924608,0.0,0.88,0.0,0.0,0.0,1.0,,,0.101,174.7047499999998,1729.75,1729.75,0.0,53.62224999999993,-0.0,,,140.25,0.0,60.30750000000137,,,,45.60029908,0.0,3.0,1129.145390980694,0.0,-0.0,0.0,114.72117172363852
38,1,39,0.1016,0.0,0.0,1125.5394373206948,,,,0,0.0,1,1870.0,1870.0,0.0,299.2,62.08400000000003,0.0,,,317.0019792500003,1870.0,1870.0,0.0,1870.0,0.0,1.0,0.0,-0.0,0.16951977500000012,158.5009896250001,1.0,935.0,935.0,0.0,1.0,0.0,-0.0,0.1695197750000001,158.50098962500022,1.0,935.0,935.0,0.0,0.0,0.0,-0.0,0.271,0.0,0.0,0.0,0.0,0.0,,,,683.0389608106947,1870.0,1729.75,140.25,1870.0,0.0,1.0,-0.0,-0.0,0.40060212914902155,235.30367560890653,0.925,635.0,587.375,47.625,1.0,0.0,0.0,0.40060212914902155,235.30367560890653,0.925,635.0,587.375,47.625,1.0,0.0,-0.0,0.38275965692411024,212.4316095928816,0.925,600.0,555.0,45.0,-0.0,0.0,-0.0,0.19716472159924608,0.0,0.88,0.0,0.0,0.0,1.0,,,0.101,174.7047499999998,1729.75,1729.75,0.0,53.62224999999993,-0.0,,,140.25,0.0,60.30750000000137,,,,49.20625274,0.0,3.0,1125.5394373206948,0.0,-0.0,0.0,114.35480683178258
39,1,40,0.1016,0.0,0.0,1121.645662890695,,,,0,0.0,1,1870.0,1870.0,0.0,299.2,62.08400000000003,0.0,,,317.0019792500003,1870.0,1870.0,0.0,1870.0,0.0,1.0,0.0,-0.0,0.16951977500000012,158.5009896250001,1.0,935.0,935.0,0.0,1.0,0.0,-0.0,0.1695197750000001,158.50098962500022,1.0,935.0,935.0,0.0,0.0,0.0,-0.0,0.271,0.0,0.0,0.0,0.0,0.0,,,,683.0389608106947,1870.0,1729.75,140.25,1870.0,0.0,1.0,-0.0,-0.0,0.40060212914902155,235.30367560890653,0.925,635.0,587.375,47.625,1.0,0.0,0.0,0.4006021291490216,235.30367560890656,0.925,635.0,587.375,47.625,1.0,0.0,-0.0,0.38275965692411024,212.4316095928816,0.925,600.0,555.0,45.0,0.0,0.0,-0.0,0.2032000221650796,0.0,0.925,0.0,0.0,0.0,1.0,,,0.101,174.7047499999998,1729.75,1729.75,0.0,53.62224999999993,-0.0,,,140.25,0.0,60.30750000000137,,,,53.10002717,0.0,3.0,1121.645662890695,0.0,-0.0,0.0,113.9591993496946
40,1,41,0.1016,0.0,0.0,1120.1329997106952,,,,0,0.0,1,1870.0,1870.0,0.0,299.2,62.08400000000003,0.0,,,317.0019792500003,1870.0,1870.0,0.0,1870.0,0.0,1.0,0.0,-0.0,0.16951977500000012,158.5009896250001,1.0,935.0,935.0,0.0,1.0,0.0,-0.0,0.1695197750000001,158.50098962500022,1.0,935.0,935.0,0.0,-0.0,0.0,-0.0,0.271,0.0,0.0,0.0,0.0,0.0,,,,683.0389608106951,1870.0,1729.75,140.25,1870.0,0.0,1.0,-0.0,-0.0,0.4006021291490203,235.30367560890582,0.925,635.0,587.375,47.625,1.0,0.0,0.0,0.4006021291490236,235.30367560890772,0.925,635.0,587.375,47.625,1.0,0.0,-0.0,0.38275965692411024,212.4316095928816,0.925,600.0,555.0,45.0,0.0,0.0,-0.0,0.2032000221650787,0.0,0.925,0.0,0.0,0.0,1.0,,,0.101,174.7047499999998,1729.75,1729.75,0.0,53.62224999999993,-0.0,,,140.25,0.0,60.30750000000137,,,,54.61269035,0.0,3.0,1120.1329997106952,0.0,-0.0,0.0,113.80551277060663
41,1,42,0.15246,0.0,0.0,544.4231515019062,,,,0,0.0,1,1040.0,1040.0,0.0,166.4,34.528,0.0,,,169.94328314500058,1040.0,1040.0,0.0,1040.0,0.0,1.0,0.0,0.0,0.15815598943749992,93.8260407337973,1.0,593.25,593.25,0.0,1.0,0.0,0.0,0.17037994943750037,76.11724241120329,1.0,446.75,446.75,0.0,-0.0,0.0,-0.0,0.271,0.0,0.0,0.0,0.0,0.0,,,,325.85415018690446,1040.0,950.0,90.0,1040.0,0.0,1.0,-0.0,0.0,0.34300436861779415,162.92707509345226,0.9134615384615391,520.0,475.0,45.0,1.0,0.0,0.0,0.34300436861779415,162.92707509345223,0.9134615384615395,520.0,475.0,45.0,-0.0,0.0,1.0,0.19716472159924736,0.0,0.88,0.0,0.0,0.0,-0.0,0.0,0.0,0.19716472159924736,0.0,0.88,0.0,0.0,0.0,1.0,,,0.101,95.95,950.0,950.0,0.0,29.45,-0.0,,,90.0,0.0,38.7,,,,47.32428183,0.0,2.0,544.4231515019051,0.0,0.0,0.0,83.00275367798062
42,1,43,0.15246,0.0,0.0,560.2166308119048,,,,0,0.0,1,1040.0,1040.0,0.0,166.4,34.528,0.0,,,169.94328314499933,1040.0,1040.0,0.0,1040.0,0.0,1.0,0.0,-0.0,0.15815598943750026,93.82604073379655,1.0,593.25,593.25,0.0,1.0,0.0,-0.0,0.17037994943750037,76.11724241120278,1.0,446.75,446.75,0.0,0.0,0.0,-0.0,0.271,0.0,0.0,0.0,0.0,0.0,,,,325.8541501869042,1040.0,950.0,90.0,1040.0,0.0,1.0,-0.0,-0.0,0.34300436861779326,162.92707509345192,0.9134615384615391,520.0,475.0,45.0,1.0,0.0,0.0,0.3430043686177942,162.92707509345226,0.9134615384615394,520.0,475.0,45.0,-0.0,0.0,-0.0,0.19716472159924608,0.0,0.88,0.0,0.0,0.0,-0.0,0.0,-0.0,0.19716472159924497,0.0,0.88,0.0,0.0,0.0,1.0,,,0.101,95.95,950.0,950.0,0.0,29.45,-0.0,,,90.0,0.0,38.7,,,,31.53080252,0.0,2.0,560.2166308119035,0.0,0.0,0.0,85.41062753358301
43,1,44,0.15246,0.0,0.0,565.358616421905,,,,0,0.0,1,1040.0,1040.0,0.0,166.4,34.528,0.0,,,169.9432831449996,1040.0,1040.0,0.0,1040.0,0.0,1.0,0.0,-0.0,0.15815598943750026,93.82604073379655,1.0,593.25,593.25,0.0,1.0,0.0,-0.0,0.17037994943750026,76.11724241120305,1.0,446.75,446.75,0.0,-0.0,0.0,-0.0,0.271,0.0,0.0,0.0,0.0,0.0,,,,325.85415018690543,1040.0,950.0,90.0,1040.0,0.0,1.0,-0.0,-0.0,0.34300436861779415,162.92707509345223,0.9134615384615398,520.0,475.0,45.0,1.0,0.0,0.0,0.34300436861779593,162.9270750934532,0.9134615384615391,520.0,475.0,45.0,-0.0,0.0,-0.0,0.19716472159924608,0.0,0.88,0.0,0.0,0.0,-0.0,0.0,-0.0,0.19716472159924608,0.0,0.88,0.0,0.0,0.0,1.0,,,0.101,95.95,950.0,950.0,0.0,29.45,0.0,,,90.0,0.0,38.7,,,,26.38881691,0.0,2.0,565.3586164219051,0.0,0.0,0.0,86.19457465968365
44,1,45,0.15246,0.0,0.0,560.6139669018883,,,,0,0.0,1,1040.0,1040.0,0.0,166.4,34.528,0.0,,,169.9432831449996,1040.0,1040.0,0.0,1040.0,0.0,1.0,0.0,-0.0,0.15815598943750026,93.82604073379655,1.0,593.25,593.25,0.0,1.0,0.0,-0.0,0.17037994943750026,76.11724241120305,1.0,446.75,446.75,0.0,0.0,0.0,-0.0,0.271,0.0,0.0,0.0,0.0,0.0,,,,325.85415018690384,1040.0,950.0,90.0,1040.0,0.0,1.0,-0.0,-0.0,0.3430043686177928,162.92707509345172,0.9134615384615392,520.0,475.0,45.0,1.0,0.0,0.0,0.34300436861779393,162.92707509345212,0.9134615384615384,520.0,475.0,45.0,-0.0,0.0,-0.0,0.19716472159924608,0.0,0.88,0.0,0.0,0.0,0.0,0.0,-0.0,0.19716472159924608,0.0,0.88,0.0,0.0,0.0,1.0,,,0.101,95.95,950.0,950.0,0.0,29.45,-0.0,,,90.0,0.0,38.7,,,,31.133466429999995,0.0,2.0,560.6139669019035,0.0,0.0,0.0,85.4712053938619
45,1,46,0.15246,0.0,0.0,560.4952572119054,,,,0,0.0,1,1040.0,1040.0,0.0,166.4,34.527999999999885,0.0,,,169.9432831450003,1040.0,1040.0,0.0,1040.0,0.0,1.0,0.0,-0.0,0.15815598943750006,93.82604073379679,1.0,593.25,593.25,0.0,1.0,0.0,-0.0,0.17037994943750054,76.1172424112035,1.0,446.75,446.75,0.0,0.0,0.0,-0.0,0.271,0.0,0.0,0.0,0.0,0.0,,,,325.8541501869042,1040.0,950.0,90.0,1040.0,0.0,1.0,-0.0,-0.0,0.34300436861779393,162.92707509345212,0.9134615384615384,520.0,475.0,45.0,1.0,0.0,0.0,0.3430043686177938,162.92707509345206,0.9134615384615384,520.0,475.0,45.0,-0.0,0.0,0.0,0.19716472159924603,0.0,0.88,0.0,0.0,0.0,-0.0,0.0,0.0,0.19716472159924603,0.0,0.88,0.0,0.0,0.0,1.0,,,0.101,95.95,950.0,950.0,0.0,29.45,-0.0,,,90.0,0.0,38.7,,,,31.25217612,0.0,2.0,560.4952572119046,0.0,0.0,0.0,85.4531069145271
46,1,47,0.1016,0.0,0.0,561.0563924518966,,,,0,0.0,1,1040.0,1040.0,0.0,166.4,34.528,0.0,,,169.94328314499955,1040.0,1040.0,0.0,1040.0,0.0,1.0,0.0,0.0,0.15815598943750014,93.82604073379682,1.0,593.25,593.25,0.0,1.0,0.0,0.0,0.17037994943750046,76.11724241120275,1.0,446.75,446.75,0.0,-0.0,0.0,0.0,0.271,0.0,0.0,0.0,0.0,0.0,,,,325.8541501869043,1040.0,950.0,90.0,1040.0,0.0,1.0,-0.0,-0.0,0.3430043686177937,162.92707509345212,0.9134615384615391,520.0,475.0,45.0,1.0,0.0,0.0,0.3430043686177937,162.92707509345217,0.9134615384615393,520.0,475.0,45.0,-0.0,0.0,-0.0,0.19716472159924603,0.0,0.88,0.0,0.0,0.0,-0.0,0.0,-0.0,0.19716472159924603,0.0,0.88,0.0,0.0,0.0,1.0,,,0.101,95.95,950.0,950.0,0.0,29.45,0.0,,,90.0,0.0,38.7,,,,30.69104088,0.0,2.0,561.0563924519039,0.0,0.0,0.0,57.00332947311269
47,1,48,0.1016,0.0,0.0,566.7145193018985,,,,0,0.0,1,1040.0,1040.0,0.0,166.4,34.528,0.0,,,169.94328314499955,1040.0,1040.0,0.0,1040.0,0.0,1.0,0.0,0.0,0.15815598943750014,93.82604073379682,1.0,593.25,593.25,0.0,1.0,0.0,0.0,0.17037994943750046,76.11724241120275,1.0,446.75,446.75,0.0,-0.0,0.0,0.0,0.271,0.0,0.0,0.0,0.0,0.0,,,,325.8541501869046,1040.0,950.0,90.0,1040.0,0.0,1.0,-0.0,-0.0,0.343004368617794,162.92707509345226,0.9134615384615391,520.0,475.0,45.0,1.0,0.0,0.0,0.34300436861779415,162.92707509345234,0.9134615384615391,520.0,475.0,45.0,-0.0,0.0,-0.0,0.19716472159924608,0.0,0.88,0.0,0.0,0.0,-0.0,0.0,-0.0,0.19716472159924603,0.0,0.88,0.0,0.0,0.0,1.0,,,0.101,95.95,950.0,950.0,0.0,29.45,0.0,,,90.0,0.0,38.7,,,,25.03291403,0.0,2.0,566.7145193019041,0.0,0.0,0.0,57.578195161072884
